<?xml version="1.0" encoding="UTF-8"?>
<project-private xmlns="http://www.netbeans.org/ns/project-private/1">
    <editor-bookmarks xmlns="http://www.netbeans.org/ns/editor-bookmarks/2" lastBookmarkId="0"/>
    <open-files xmlns="http://www.netbeans.org/ns/projectui-open-files/2">
        <group>
            <file>file:/F:/CSE%20404%20AI%20Sessional/task3/cse404SecA_task3_201514029/minimax_tictactoe/src/TickTackToe.java</file>
            <file>file:/F:/CSE%20404%20AI%20Sessional/task3/cse404SecA_task3_201514029/minimax_tictactoe/src/Solver.java</file>
            <file>file:/F:/CSE%20404%20AI%20Sessional/task3/cse404SecA_task3_201514029/minimax_tictactoe/src/frame.java</file>
            <file>file:/F:/CSE%20404%20AI%20Sessional/task3/cse404SecA_task3_201514029/minimax_tictactoe/src/Game.java</file>
        </group>
    </open-files>
</project-private>
